{
  "pizza_amount": {
    "precision": 0.9591836734693877,
    "recall": 0.94,
    "f1-score": 0.9494949494949495,
    "support": 50,
    "confused_with": {}
  },
  "pizza_type": {
    "precision": 0.9708029197080292,
    "recall": 0.8807947019867549,
    "f1-score": 0.9236111111111112,
    "support": 151,
    "confused_with": {}
  },
  "pizza_size": {
    "precision": 0.961038961038961,
    "recall": 0.9866666666666667,
    "f1-score": 0.9736842105263157,
    "support": 75,
    "confused_with": {}
  },
  "pizza_crust": {
    "precision": 0.0,
    "recall": 0.0,
    "f1-score": 0.0,
    "support": 2,
    "confused_with": {}
  },
  "micro avg": {
    "precision": 0.9657794676806084,
    "recall": 0.9136690647482014,
    "f1-score": 0.9390018484288354,
    "support": 278
  },
  "macro avg": {
    "precision": 0.7227563885540945,
    "recall": 0.7018653421633554,
    "f1-score": 0.7116975677830941,
    "support": 278
  },
  "weighted avg": {
    "precision": 0.9590947720406614,
    "recall": 0.9136690647482014,
    "f1-score": 0.935130723172658,
    "support": 278
  },
  "accuracy": 0.9690721649484536
}