{
  "out_of_scope": {
    "precision": 0.4444444444444444,
    "recall": 0.4444444444444444,
    "f1-score": 0.4444444444444444,
    "support": 9,
    "confused_with": {
      "request_restaurant_location": 3,
      "response_negative": 1
    }
  },
  "request_restaurant_location": {
    "precision": 0.25,
    "recall": 0.16666666666666666,
    "f1-score": 0.2,
    "support": 6,
    "confused_with": {
      "out_of_scope": 3,
      "item_start_generic": 1
    }
  },
  "item_topping": {
    "precision": 0.6111111111111112,
    "recall": 0.6470588235294118,
    "f1-score": 0.6285714285714287,
    "support": 17,
    "confused_with": {
      "item_start_generic": 4,
      "response_positive": 2
    }
  },
  "explain": {
    "precision": 1.0,
    "recall": 0.7777777777777778,
    "f1-score": 0.8750000000000001,
    "support": 9,
    "confused_with": {
      "welcome_greet": 1,
      "item_amount": 1
    }
  },
  "response_positive": {
    "precision": 0.6923076923076923,
    "recall": 0.8181818181818182,
    "f1-score": 0.7500000000000001,
    "support": 11,
    "confused_with": {
      "item_topping": 1,
      "item_size": 1
    }
  },
  "item_amount": {
    "precision": 0.6363636363636364,
    "recall": 0.7,
    "f1-score": 0.6666666666666666,
    "support": 10,
    "confused_with": {
      "item_topping": 2,
      "welcome_greet": 1
    }
  },
  "welcome_greet": {
    "precision": 0.8,
    "recall": 0.8571428571428571,
    "f1-score": 0.8275862068965518,
    "support": 14,
    "confused_with": {
      "response_negative": 1,
      "item_amount": 1
    }
  },
  "order_delivery_address": {
    "precision": 1.0,
    "recall": 1.0,
    "f1-score": 1.0,
    "support": 10,
    "confused_with": {}
  },
  "response_negative": {
    "precision": 0.7142857142857143,
    "recall": 0.8333333333333334,
    "f1-score": 0.7692307692307692,
    "support": 6,
    "confused_with": {
      "item_change": 1
    }
  },
  "init_pizza_question": {
    "precision": 0.9761904761904762,
    "recall": 0.9318181818181818,
    "f1-score": 0.9534883720930233,
    "support": 44,
    "confused_with": {
      "out_of_scope": 2,
      "item_start_generic": 1
    }
  },
  "item_change": {
    "precision": 0.8181818181818182,
    "recall": 0.6923076923076923,
    "f1-score": 0.7500000000000001,
    "support": 13,
    "confused_with": {
      "item_start_generic": 3,
      "item_size": 1
    }
  },
  "item_start_generic": {
    "precision": 0.8617021276595744,
    "recall": 0.8617021276595744,
    "f1-score": 0.8617021276595744,
    "support": 94,
    "confused_with": {
      "item_size": 6,
      "item_topping": 4
    }
  },
  "item_size": {
    "precision": 0.38461538461538464,
    "recall": 0.45454545454545453,
    "f1-score": 0.41666666666666663,
    "support": 11,
    "confused_with": {
      "item_start_generic": 4,
      "response_positive": 2
    }
  },
  "accuracy": 0.7952755905511811,
  "macro avg": {
    "precision": 0.7068617234738348,
    "recall": 0.7065368598005548,
    "f1-score": 0.7033351294022403,
    "support": 254
  },
  "weighted avg": {
    "precision": 0.7998942439887322,
    "recall": 0.7952755905511811,
    "f1-score": 0.7959283235029279,
    "support": 254
  },
  "micro avg": {
    "precision": 0.7952755905511811,
    "recall": 0.7952755905511811,
    "f1-score": 0.7952755905511811,
    "support": 254
  }
}